{
  "accuracy": 0.9984549240897488,
  "precision": 0.9946509761968441,
  "recall": 0.9991939817302525,
  "f1_score": 0.9969173033105482,
  "roc_auc": 0.9999952349331955,
  "classification_report": {
    "0": {
      "precision": 0.9997308692921862,
      "recall": 0.9982085274095306,
      "f1-score": 0.9989691183721033,
      "support": 11164.0
    },
    "1": {
      "precision": 0.9946509761968441,
      "recall": 0.9991939817302525,
      "f1-score": 0.9969173033105482,
      "support": 3722.0
    },
    "accuracy": 0.9984549240897488,
    "macro avg": {
      "precision": 0.9971909227445152,
      "recall": 0.9987012545698916,
      "f1-score": 0.9979432108413258,
      "support": 14886.0
    },
    "weighted avg": {
      "precision": 0.9984607253918193,
      "recall": 0.9984549240897488,
      "f1-score": 0.9984560956891053,
      "support": 14886.0
    }
  },
  "mean_ndcg_at_10": 1.0,
  "mrr": 1.0,
  "mean_precision_at_10": 1.0,
  "mean_recall_at_10": 0.017393395264676714
}