{
    "NDCG@5": 0.9999999999999999,
    "Precision@5": 1.0,
    "NDCG@10": 1.0,
    "Precision@10": 1.0,
    "ROC_AUC": 0.9999999278020181
}