{
  "accuracy": 0.9999968778977012,
  "precision": 0.3333333333333333,
  "recall": 1.0,
  "f1_score": 0.5,
  "roc_auc": 1.0,
  "classification_report": {
    "0": {
      "precision": 1.0,
      "recall": 0.9999968778928274,
      "f1-score": 0.9999984389439768,
      "support": 1281186.0
    },
    "1": {
      "precision": 0.3333333333333333,
      "recall": 1.0,
      "f1-score": 0.5,
      "support": 2.0
    },
    "accuracy": 0.9999968778977012,
    "macro avg": {
      "precision": 0.6666666666666666,
      "recall": 0.9999984389464137,
      "f1-score": 0.7499992194719884,
      "support": 1281188.0
    },
    "weighted avg": {
      "precision": 0.9999989592992338,
      "recall": 0.9999968778977012,
      "f1-score": 0.9999976584208389,
      "support": 1281188.0
    }
  },
  "mean_ndcg_at_10": 0.2200917662980802,
  "mrr": 1.0,
  "mean_precision_at_10": 0.1,
  "mean_recall_at_10": 1.0
}