{
    "Baseline (LR)": {
        "Accuracy": 0.9865681665547347,
        "Precision": 0.9490445859872612,
        "Recall": 1.0,
        "F1 Score": 0.9738562091503268,
        "ROC AUC": 0.9999831688792578
    },
    "XGBoost": {
        "Accuracy": 0.9996642041638684,
        "Precision": 0.9986595174262735,
        "Recall": 1.0,
        "F1 Score": 0.9993293091884641,
        "ROC AUC": 0.9999993988885449
    }
}